Feature,R2 Score,MSE
danceability,0.5961836382173772,0.011065190940515723
energy,0.7722713939173891,0.012477317875694323
loudness,0.6604048693882023,6.137345347590355
speechiness,0.620026424432571,0.004125621354093719
acousticness,0.8039917198660502,0.01825785250458118
instrumentalness,0.6175029540055395,0.030554869067141346
liveness,0.17060596522293625,0.027167346129471956
valence,0.4778657751230583,0.029674552239469167
tempo,0.07454940857594872,825.8231863335803
