Feature,R2 Score,MSE
danceability,0.5963378468437396,0.01106096538638552
energy,0.7722102292237225,0.012480669107402873
loudness,0.6610325175356615,6.126002153620546
speechiness,0.6198708124695447,0.00412731093484063
acousticness,0.8039622076613113,0.018260601518453642
instrumentalness,0.617342692326045,0.030567671191196202
liveness,0.1708021574229811,0.027160919725153825
valence,0.477607127666403,0.02968925199883838
tempo,0.07314239248959242,827.0787331109284
